model,platform,corruption,severity_label,severity_value,accuracy,bacc,real_accuracy,fake_accuracy,f1_score,total_samples
classification_only,reddit,gaussian,strength_0.05,0.05,0.9813333333333333,0.9813333333333334,0.9893333333333333,0.9733333333333334,0.9811827956989247,1500
classification_only,facebook,gaussian,strength_0.05,0.05,0.9625,0.9625,0.96875,0.95625,0.9622641509433962,320
classification_only,twitter,gaussian,strength_0.05,0.05,0.9643705463182898,0.9645883473726434,0.9652777777777778,0.9638989169675091,0.9726775956284153,421
classification_only,reddit,gaussian,strength_0.10,0.1,0.984,0.984,0.9906666666666667,0.9773333333333334,0.9838926174496644,1500
classification_only,facebook,gaussian,strength_0.10,0.1,0.959375,0.9593750000000001,0.9625,0.95625,0.9592476489028213,320
classification_only,twitter,gaussian,strength_0.10,0.1,0.9643705463182898,0.9645883473726434,0.9652777777777778,0.9638989169675091,0.9726775956284153,421
classification_only,reddit,gaussian,strength_0.15,0.15,0.976,0.976,0.9773333333333334,0.9746666666666667,0.9759679572763685,1500
classification_only,facebook,gaussian,strength_0.15,0.15,0.953125,0.953125,0.95,0.95625,0.9532710280373832,320
classification_only,twitter,gaussian,strength_0.15,0.15,0.9643705463182898,0.9629211793020458,0.9583333333333334,0.9675090252707581,0.9727767695099818,421
classification_only,reddit,defocus,strength_0.05,0.05,0.9686666666666667,0.9686666666666667,0.9653333333333334,0.972,0.9687707641196013,1500
classification_only,facebook,defocus,strength_0.05,0.05,0.9375,0.9375,0.925,0.95,0.9382716049382716,320
classification_only,twitter,defocus,strength_0.05,0.05,0.9643705463182898,0.9629211793020458,0.9583333333333334,0.9675090252707581,0.9727767695099818,421
classification_only,reddit,defocus,strength_0.10,0.1,0.9466666666666667,0.9466666666666667,0.9226666666666666,0.9706666666666667,0.9479166666666666,1500
classification_only,facebook,defocus,strength_0.10,0.1,0.925,0.925,0.8875,0.9625,0.927710843373494,320
classification_only,twitter,defocus,strength_0.10,0.1,0.9572446555819477,0.9491701764941838,0.9236111111111112,0.9747292418772563,0.967741935483871,421
classification_only,reddit,defocus,strength_0.15,0.15,0.8973333333333333,0.8973333333333333,0.8373333333333334,0.9573333333333334,0.9031446540880503,1500
classification_only,facebook,defocus,strength_0.15,0.15,0.8875,0.8875,0.8125,0.9625,0.8953488372093024,320
classification_only,twitter,defocus,strength_0.15,0.15,0.9406175771971497,0.9265317890092258,0.8819444444444444,0.9711191335740073,0.955595026642984,421
classification_only,reddit,box,strength_0.05,0.05,0.954,0.954,0.936,0.972,0.9548133595284872,1500
classification_only,facebook,box,strength_0.05,0.05,0.93125,0.9312499999999999,0.9125,0.95,0.9325153374233128,320
classification_only,twitter,box,strength_0.05,0.05,0.9619952494061758,0.9561146209386282,0.9375,0.9747292418772563,0.9712230215827338,421
classification_only,reddit,box,strength_0.10,0.1,0.89,0.89,0.8173333333333334,0.9626666666666667,0.8974518334369174,1500
classification_only,facebook,box,strength_0.10,0.1,0.909375,0.909375,0.84375,0.975,0.9149560117302052,320
classification_only,twitter,box,strength_0.10,0.1,0.9382422802850356,0.9230595667870036,0.875,0.9711191335740073,0.9539007092198581,421
classification_only,reddit,box,strength_0.15,0.15,0.8266666666666667,0.8266666666666667,0.7066666666666667,0.9466666666666667,0.8452380952380952,1500
classification_only,facebook,box,strength_0.15,0.15,0.846875,0.846875,0.71875,0.975,0.8642659279778393,320
classification_only,twitter,box,strength_0.15,0.15,0.8954869358669834,0.8605595667870036,0.75,0.9711191335740073,0.9243986254295533,421
classification_only,reddit,radial,strength_0.05,0.05,0.9693333333333334,0.9693333333333334,0.9693333333333334,0.9693333333333334,0.9693333333333334,1500
classification_only,facebook,radial,strength_0.05,0.05,0.94375,0.94375,0.95,0.9375,0.9433962264150944,320
classification_only,twitter,radial,strength_0.05,0.05,0.9667458432304038,0.9663934015242679,0.9652777777777778,0.9675090252707581,0.9745454545454545,421
classification_only,reddit,radial,strength_0.10,0.1,0.954,0.954,0.9386666666666666,0.9693333333333334,0.9546946815495733,1500
classification_only,facebook,radial,strength_0.10,0.1,0.9375,0.9375,0.91875,0.95625,0.9386503067484663,320
classification_only,twitter,radial,strength_0.10,0.1,0.9524940617577197,0.9472272362615324,0.9305555555555556,0.9638989169675091,0.9638989169675091,421
classification_only,reddit,radial,strength_0.15,0.15,0.926,0.926,0.8906666666666667,0.9613333333333334,0.9285254346426272,1500
classification_only,facebook,radial,strength_0.15,0.15,0.9125,0.9125,0.875,0.95,0.9156626506024096,320
classification_only,twitter,radial,strength_0.15,0.15,0.9382422802850356,0.9280610709987966,0.8958333333333334,0.9602888086642599,0.953405017921147,421
classification_only,reddit,gaussian_noise,sigma_0.02,0.02,0.9753333333333334,0.9753333333333334,0.9906666666666667,0.96,0.9749492213947191,1500
classification_only,facebook,gaussian_noise,sigma_0.02,0.02,0.946875,0.946875,0.9875,0.90625,0.9446254071661238,320
classification_only,twitter,gaussian_noise,sigma_0.02,0.02,0.9596199524940617,0.9643125752105897,0.9791666666666666,0.9494584837545126,0.9686924493554327,421
classification_only,reddit,gaussian_noise,sigma_0.05,0.05,0.956,0.956,0.9973333333333333,0.9146666666666666,0.9541029207232267,1500
classification_only,facebook,gaussian_noise,sigma_0.05,0.05,0.884375,0.884375,1.0,0.76875,0.8692579505300353,320
classification_only,twitter,gaussian_noise,sigma_0.05,0.05,0.9216152019002375,0.9354317087845969,0.9791666666666666,0.8916967509025271,0.937381404174573,421
classification_only,reddit,gaussian_noise,sigma_0.10,0.1,0.9293333333333333,0.9293333333333333,0.996,0.8626666666666667,0.9242857142857143,1500
classification_only,facebook,gaussian_noise,sigma_0.10,0.1,0.828125,0.828125,1.0,0.65625,0.7924528301886793,320
classification_only,twitter,gaussian_noise,sigma_0.10,0.1,0.8622327790973872,0.8919725230645809,0.9861111111111112,0.7978339350180506,0.884,421
classification_only,reddit,shot_noise,peak_250,250.0,0.9693333333333334,0.9693333333333334,0.9906666666666667,0.948,0.9686648501362398,1500
classification_only,facebook,shot_noise,peak_250,250.0,0.9125,0.9125000000000001,0.99375,0.83125,0.9047619047619048,320
classification_only,twitter,shot_noise,peak_250,250.0,0.9548693586698337,0.9607024669073405,0.9791666666666666,0.9422382671480144,0.9648798521256932,421
classification_only,reddit,shot_noise,peak_100,100.0,0.9533333333333334,0.9533333333333334,0.9893333333333333,0.9173333333333333,0.9515905947441217,1500
classification_only,facebook,shot_noise,peak_100,100.0,0.884375,0.884375,1.0,0.76875,0.8692579505300353,320
classification_only,twitter,shot_noise,peak_100,100.0,0.9263657957244655,0.939041817087846,0.9791666666666666,0.8989169675090253,0.941398865784499,421
classification_only,reddit,shot_noise,peak_25,25.0,0.9273333333333333,0.9273333333333333,0.9893333333333333,0.8653333333333333,0.9225302061122956,1500
classification_only,facebook,shot_noise,peak_25,25.0,0.815625,0.815625,1.0,0.63125,0.7739463601532567,320
classification_only,twitter,shot_noise,peak_25,25.0,0.8622327790973872,0.8903053549939831,0.9791666666666666,0.8014440433212996,0.8844621513944223,421
classification_only,reddit,jpeg,quality_95,95.0,0.982,0.982,0.992,0.972,0.9818181818181818,1500
classification_only,facebook,jpeg,quality_95,95.0,0.9625,0.9624999999999999,0.975,0.95,0.9620253164556962,320
classification_only,twitter,jpeg,quality_95,95.0,0.9643705463182898,0.9662555154432411,0.9722222222222222,0.9602888086642599,0.9725776965265083,421
classification_only,reddit,jpeg,quality_80,80.0,0.962,0.962,0.9906666666666667,0.9333333333333333,0.9608785175017158,1500
classification_only,facebook,jpeg,quality_80,80.0,0.95,0.95,0.99375,0.90625,0.9477124183006536,320
classification_only,twitter,jpeg,quality_80,80.0,0.9548693586698337,0.9607024669073405,0.9791666666666666,0.9422382671480144,0.9648798521256932,421
classification_only,reddit,jpeg,quality_60,60.0,0.9433333333333334,0.9433333333333334,0.992,0.8946666666666667,0.9404344779257183,1500
classification_only,facebook,jpeg,quality_60,60.0,0.9,0.9,0.99375,0.80625,0.8896551724137931,320
classification_only,twitter,jpeg,quality_60,60.0,0.9287410926365796,0.9425140393100682,0.9861111111111112,0.8989169675090253,0.9431818181818182,421
dino_detect,reddit,gaussian,strength_0.05,0.05,0.9813333333333333,0.9813333333333334,0.984,0.9786666666666667,0.9812834224598931,1500
dino_detect,facebook,gaussian,strength_0.05,0.05,0.9625,0.9625,0.96875,0.95625,0.9622641509433962,320
dino_detect,twitter,gaussian,strength_0.05,0.05,0.9809976247030879,0.9788908945046129,0.9722222222222222,0.9855595667870036,0.9855595667870036,421
dino_detect,reddit,gaussian,strength_0.10,0.1,0.982,0.982,0.9866666666666667,0.9773333333333334,0.9819156061620897,1500
dino_detect,facebook,gaussian,strength_0.10,0.1,0.9625,0.9625,0.96875,0.95625,0.9622641509433962,320
dino_detect,twitter,gaussian,strength_0.10,0.1,0.9809976247030879,0.9788908945046129,0.9722222222222222,0.9855595667870036,0.9855595667870036,421
dino_detect,reddit,gaussian,strength_0.15,0.15,0.9773333333333334,0.9773333333333334,0.9773333333333334,0.9773333333333334,0.9773333333333334,1500
dino_detect,facebook,gaussian,strength_0.15,0.15,0.953125,0.953125,0.94375,0.9625,0.9535603715170279,320
dino_detect,twitter,gaussian,strength_0.15,0.15,0.9786223277909739,0.973751504211793,0.9583333333333334,0.9891696750902527,0.9838420107719928,421
dino_detect,reddit,defocus,strength_0.05,0.05,0.9666666666666667,0.9666666666666667,0.9546666666666667,0.9786666666666667,0.9670619235836627,1500
dino_detect,facebook,defocus,strength_0.05,0.05,0.940625,0.940625,0.91875,0.9625,0.9418960244648318,320
dino_detect,twitter,defocus,strength_0.05,0.05,0.9809976247030879,0.9772237264340152,0.9652777777777778,0.9891696750902527,0.9856115107913669,421
dino_detect,reddit,defocus,strength_0.10,0.1,0.9366666666666666,0.9366666666666666,0.9013333333333333,0.972,0.9388280746941404,1500
dino_detect,facebook,defocus,strength_0.10,0.1,0.9125,0.9125,0.84375,0.98125,0.9181286549707602,320
dino_detect,twitter,defocus,strength_0.10,0.1,0.9572446555819477,0.942501504211793,0.8958333333333334,0.9891696750902527,0.9681978798586572,421
dino_detect,reddit,defocus,strength_0.15,0.15,0.8786666666666667,0.8786666666666667,0.7946666666666666,0.9626666666666667,0.8880688806888068,1500
dino_detect,facebook,defocus,strength_0.15,0.15,0.875,0.875,0.78125,0.96875,0.8857142857142857,320
dino_detect,twitter,defocus,strength_0.15,0.15,0.9429928741092637,0.9266696750902528,0.875,0.9783393501805054,0.9575971731448764,421
dino_detect,reddit,box,strength_0.05,0.05,0.9493333333333334,0.9493333333333334,0.92,0.9786666666666667,0.9507772020725389,1500
dino_detect,facebook,box,strength_0.05,0.05,0.940625,0.940625,0.9125,0.96875,0.9422492401215805,320
dino_detect,twitter,box,strength_0.05,0.05,0.9738717339667459,0.9651398916967509,0.9375,0.9927797833935018,0.9803921568627451,421
dino_detect,reddit,box,strength_0.10,0.1,0.892,0.892,0.812,0.972,0.9,1500
dino_detect,facebook,box,strength_0.10,0.1,0.8875,0.8875,0.8,0.975,0.896551724137931,320
dino_detect,twitter,box,strength_0.10,0.1,0.9406175771971497,0.9198631167268352,0.8541666666666666,0.9855595667870036,0.9562171628721541,421
dino_detect,reddit,box,strength_0.15,0.15,0.8073333333333333,0.8073333333333332,0.6506666666666666,0.964,0.8334293948126801,1500
dino_detect,facebook,box,strength_0.15,0.15,0.840625,0.840625,0.7,0.98125,0.8602739726027397,320
dino_detect,twitter,box,strength_0.15,0.15,0.9026128266033254,0.8676418973124749,0.7569444444444444,0.9783393501805054,0.9296740994854202,421
dino_detect,reddit,radial,strength_0.05,0.05,0.9766666666666667,0.9766666666666667,0.976,0.9773333333333334,0.9766822118587608,1500
dino_detect,facebook,radial,strength_0.05,0.05,0.946875,0.9468749999999999,0.94375,0.95,0.9470404984423676,320
dino_detect,twitter,radial,strength_0.05,0.05,0.9786223277909739,0.9754186722823908,0.9652777777777778,0.9855595667870036,0.9837837837837838,421
dino_detect,reddit,radial,strength_0.10,0.1,0.956,0.956,0.9386666666666666,0.9733333333333334,0.9567496723460026,1500
dino_detect,facebook,radial,strength_0.10,0.1,0.940625,0.940625,0.9125,0.96875,0.9422492401215805,320
dino_detect,twitter,radial,strength_0.10,0.1,0.9667458432304038,0.9597247292418772,0.9375,0.9819494584837545,0.974910394265233,421
dino_detect,reddit,radial,strength_0.15,0.15,0.932,0.9319999999999999,0.9026666666666666,0.9613333333333334,0.9339378238341969,1500
dino_detect,facebook,radial,strength_0.15,0.15,0.915625,0.915625,0.8625,0.96875,0.9198813056379822,320
dino_detect,twitter,radial,strength_0.15,0.15,0.9596199524940617,0.9509752306458084,0.9236111111111112,0.9783393501805054,0.9695885509838998,421
dino_detect,reddit,gaussian_noise,sigma_0.02,0.02,0.9786666666666667,0.9786666666666667,0.9866666666666667,0.9706666666666667,0.978494623655914,1500
dino_detect,facebook,gaussian_noise,sigma_0.02,0.02,0.959375,0.959375,0.975,0.94375,0.9587301587301588,320
dino_detect,twitter,gaussian_noise,sigma_0.02,0.02,0.9714964370546318,0.9733378459687123,0.9791666666666666,0.9675090252707581,0.9781021897810219,421
dino_detect,reddit,gaussian_noise,sigma_0.05,0.05,0.9613333333333334,0.9613333333333334,0.9893333333333333,0.9333333333333333,0.9602194787379973,1500
dino_detect,facebook,gaussian_noise,sigma_0.05,0.05,0.90625,0.90625,0.9875,0.825,0.8979591836734694,320
dino_detect,twitter,gaussian_noise,sigma_0.05,0.05,0.9477434679334917,0.9552873044524669,0.9791666666666666,0.9314079422382672,0.9591078066914498,421
dino_detect,reddit,gaussian_noise,sigma_0.10,0.1,0.9373333333333334,0.9373333333333334,0.984,0.8906666666666667,0.9342657342657342,1500
dino_detect,facebook,gaussian_noise,sigma_0.10,0.1,0.8625,0.8625,1.0,0.725,0.8405797101449275,320
dino_detect,twitter,gaussian_noise,sigma_0.10,0.1,0.9049881235154394,0.922796329723225,0.9791666666666666,0.8664259927797834,0.9230769230769231,421
dino_detect,reddit,shot_noise,peak_250,250.0,0.9726666666666667,0.9726666666666667,0.984,0.9613333333333334,0.9723533378287256,1500
dino_detect,facebook,shot_noise,peak_250,250.0,0.9375,0.9375,0.9875,0.8875,0.9342105263157895,320
dino_detect,twitter,shot_noise,peak_250,250.0,0.9667458432304038,0.9697277376654633,0.9791666666666666,0.9602888086642599,0.9743589743589743,421
dino_detect,reddit,shot_noise,peak_100,100.0,0.96,0.96,0.9826666666666667,0.9373333333333334,0.9590723055934516,1500
dino_detect,facebook,shot_noise,peak_100,100.0,0.9125,0.9125000000000001,0.99375,0.83125,0.9047619047619048,320
dino_detect,twitter,shot_noise,peak_100,100.0,0.9477434679334917,0.9552873044524669,0.9791666666666666,0.9314079422382672,0.9591078066914498,421
dino_detect,reddit,shot_noise,peak_25,25.0,0.932,0.9319999999999999,0.9786666666666667,0.8853333333333333,0.9286713286713286,1500
dino_detect,facebook,shot_noise,peak_25,25.0,0.8375,0.8375,0.99375,0.68125,0.8074074074074075,320
dino_detect,twitter,shot_noise,peak_25,25.0,0.9002375296912114,0.919186221419976,0.9791666666666666,0.8592057761732852,0.918918918918919,421
dino_detect,reddit,jpeg,quality_95,95.0,0.9826666666666667,0.9826666666666667,0.988,0.9773333333333334,0.982573726541555,1500
dino_detect,facebook,jpeg,quality_95,95.0,0.965625,0.965625,0.96875,0.9625,0.9655172413793104,320
dino_detect,twitter,jpeg,quality_95,95.0,0.9833729216152018,0.9823631167268352,0.9791666666666666,0.9855595667870036,0.9873417721518988,421
dino_detect,reddit,jpeg,quality_80,80.0,0.966,0.966,0.9866666666666667,0.9453333333333334,0.9652825051055139,1500
dino_detect,facebook,jpeg,quality_80,80.0,0.9625,0.9625,0.99375,0.93125,0.9612903225806452,320
dino_detect,twitter,jpeg,quality_80,80.0,0.9667458432304038,0.9697277376654633,0.9791666666666666,0.9602888086642599,0.9743589743589743,421
dino_detect,reddit,jpeg,quality_60,60.0,0.9466666666666667,0.9466666666666667,0.9853333333333333,0.908,0.9445214979195562,1500
dino_detect,facebook,jpeg,quality_60,60.0,0.93125,0.93125,0.99375,0.86875,0.9266666666666666,320
dino_detect,twitter,jpeg,quality_60,60.0,0.9382422802850356,0.9480670878459687,0.9791666666666666,0.9169675090252708,0.951310861423221,421
